Billi,Ridings,34,421-02-6737
Aila,Hussey,62,792-47-2538
Minta,Doghartie,16,486-72-1342
Dalston,Georgi,43,168-75-8908
Khalil,Pohls,32,454-05-5176
Daisey,Whitmell,43,729-65-5228
Verine,Munton,33,316-54-1104
Gwenette,Doget,85,774-14-9545
Bogey,Duxbarry,53,454-01-5584
Kelsi,Jura,62,503-47-8608
Ailee,Pentecust,71,605-23-4989
Quinn,Woolbrook,69,295-29-9785
Rosa,Frizell,52,860-65-2744
Victoria,Dobrowlski,75,330-52-9726
Anjanette,Riach,32,817-86-1325
Lawrence,Ghirigori,14,596-20-0135
Dinny,Mathias,12,352-62-9170
Hamnet,Adey,52,858-42-1744
Michel,Pipe,56,393-50-5028
Piotr,Cuel,59,899-94-3355
Binky,Kremer,16,840-13-1933
Margi,Cordelle,6,782-15-1560
Egan,Brompton,50,366-06-2195
Aube,Kemme,16,597-21-8212
Malvin,Hallick,37,558-87-2315
Emogene,Doubleday,38,304-37-4683
Preston,Milan,39,709-40-9667
Adelaide,Provest,12,101-03-2756
Christyna,Hildrew,36,294-75-2862
Ximenez,Jossum,45,521-26-6080
Rafaelita,Beach,3,816-09-3617
Ashil,Fyndon,18,451-94-5230
Gene,Wayper,58,751-71-2433
Forrest,Rudgley,29,645-20-5807
Riane,Seathwright,77,823-72-2594
Vail,Guidera,89,449-49-1659
Grete,Massinger,56,685-95-9337
Pascal,Culmer,54,529-70-0219
Dalis,Blofeld,64,388-32-7732
La verne,Mallan,26,119-56-1252
Hillie,McKleod,33,511-06-5458
Esmeralda,Eblein,52,418-81-4716
Mignonne,Duncklee,12,143-10-0765
Leanor,Rider,73,153-48-3965
Pren,Grint,1,845-26-5948
Borg,Mordanti,12,359-70-6048
Essy,Bandy,16,861-71-6816
Marinna,Loisi,61,853-30-0391
Ado,Sebborn,14,240-53-8803
Rourke,Hebblewhite,41,479-74-5180
Yancey,Bartoszek,10,304-65-1234
Lucian,Lugton,90,786-47-3259
Natalie,Kegan,19,334-94-3773
Florry,Pittel,25,380-12-5494
Yancy,Woodrooffe,12,128-84-4347
Myrtice,Leroy,46,104-43-5435
Bev,Covendon,34,737-71-8296
Dani,Venmore,11,603-53-4946
Quintilla,Jakubovski,61,556-82-2905
Hamlen,Bettenson,76,504-46-1218
Freeman,Itzhayek,57,627-44-9827
Dickie,Edger,58,251-50-1135
Renate,Swatton,31,732-88-8193
Danella,Ovid,19,242-21-3444
Ervin,Smail,11,463-10-2899
Helene,Yushankin,65,643-84-7907
Yulma,Chrispin,81,405-76-3335
Aurora,Rosenfelt,72,297-98-5776
Brynn,Bruford,55,486-44-6211
Ailyn,Teague,61,799-22-0381
Darell,Tointon,8,634-45-6011
Sutton,Bashford,68,149-56-3749
Urbain,Bernardino,9,129-93-7812
Peggi,Godfree,79,497-99-3972
Artur,Jiri,27,462-84-0516
Ashlee,Agget,50,115-27-5812
Burl,Gamet,88,444-86-6644
Garvey,Do,43,353-34-5648
Enoch,Dalla,83,161-65-4631
Tirrell,Rushsorth,76,179-25-4675
Suzann,Budleigh,28,751-32-0093
Ezequiel,Cranmere,56,423-06-6657
Colin,Tothacot,88,899-13-0115
Anny,Colthurst,46,767-83-9555
Julienne,Meth,10,244-32-5607
Matt,Muggleton,58,731-54-4868
Rozele,Feaveryear,21,243-38-9689
Stormy,Matyas,41,162-04-3428
Junia,Rewcastle,87,236-49-2830
Sunny,Puckey,8,559-67-2535
Elnora,Gullifant,16,518-30-3423
Garry,Bridle,11,434-01-2401
Franny,Domone,39,275-05-9595
Brandise,Accomb,90,326-13-9889
Hali,O' Finan,86,303-46-3802
Henrietta,Chinnick,34,202-03-8669
Janie,Hardwell,32,851-62-7081
Pavia,Messum,74,775-29-5679
Cassandre,Letten,31,832-51-6058
Betsy,Di Biasi,54,141-83-0954
